训练日,训练日主题,动作名称,组数,每组数量,是否记录左右,备注（动作要领）
Day A,胸、肩、三头肌,热身：开合跳 + 肩部环绕,2,,否,5分钟热身
Day A,胸、肩、三头肌,标准俯卧撑 / 下斜俯卧撑,4,12-15,否,健身房可用哑铃凳垫高脚
Day A,胸、肩、三头肌,双杠臂屈伸（健身房）/ 板凳臂屈伸（家里）,3,12,否,身体前倾侧重胸肌
Day A,胸、肩、三头肌,哑铃推举（站姿）,3,12,否,核心收紧不晃腰
Day A,胸、肩、三头肌,悬垂举腿 / 卷腹,3,15,否,花小龙招牌腹训动作
Day A,胸、肩、三头肌,平板支撑击掌,3,15,是,核心稳定训练
Day A,胸、肩、三头肌,收尾有氧：慢跑 / 爬坡走,1,,否,15-20分钟 · 心率控制在130-145
Day B,背部、二头肌,热身：猫牛式 + 弹力带肩外旋,2,,否,5分钟热身
Day B,背部、二头肌,引体向上（户外单杠）/ 高位下拉（健身房）,4,8-12,否,做不到引体就用下拉代替
Day B,背部、二头肌,杠铃划船 / 哑铃单臂划船,3,12,否,感受背部肌肉收缩
Day B,背部、二头肌,罗马尼亚硬拉,3,10,否,轻重量找腘绳肌拉伸感
Day B,背部、二头肌,俄罗斯转体（可负重）,3,20,是,侧腹训练
Day B,背部、二头肌,登山跑,3,,否,每组30秒 · 下腹 + 燃脂
Day B,背部、二头肌,收尾有氧：爬楼梯 / 快走,1,,否,15-20分钟 · 花小龙同款爬楼燃脂
Day C,臀腿 + HIIT,热身：动态拉伸（腿摆动 + 髋环绕）,2,,否,5分钟热身
Day C,臀腿 + HIIT,杠铃深蹲 / 负重深蹲（哑铃抱胸）,4,15,否,控制下蹲速度
Day C,臀腿 + HIIT,反向弓步蹲,3,10,是,单侧发力更均衡
Day C,臀腿 + HIIT,臀桥 / 臀推,3,15,否,顶峰收缩1秒
Day C,臀腿 + HIIT,HIIT循环：波比跳→高抬腿→开合跳→深蹲跳,4,,否,4轮 · 每个动作40秒全力做，20秒换动作 · 轮间90秒
Day C,臀腿 + HIIT,拉伸放松,1,,否,5-10分钟 · 重点拉大腿前后侧和臀部
